{
    "RMSE": 132107604.9752284,
    "R2": 0.6547166558597648
}